"article","category","ordinal"
"automatic-enrolment-into-a-workplace-pension","automatic-enrolment",NULL
"automatic-enrolment-what-to-expect-from-your-employer","automatic-enrolment",NULL
"make-the-most-of-automatic-enrolment","automatic-enrolment",NULL
"automatic-enrolment-if-you-have-debts","automatic-enrolment",NULL
"automatic-enrolment-if-youre-close-to-retirement","automatic-enrolment",NULL
"automatic-enrolment-if-youre-21-or-under","automatic-enrolment",NULL
"automatic-enrolment-if-you-earn-up-to-gbp9440","automatic-enrolment",NULL
"automatic-enrolment-if-youre-above-state-pension-age","automatic-enrolment",NULL
"workplace-pension-advice-tool","automatic-enrolment",NULL
"workplace-pension-changes-the-basics","automatic-enrolment",NULL
"workplace-pension-contribution-calculator","automatic-enrolment",NULL
"pension-calculator","automatic-enrolment",NULL
"do-you-need-to-borrow-money","before-you-borrow",1
"how-to-work-out-the-true-cost-of-borrowing","before-you-borrow",2
"debt-test","before-you-borrow",3
"payday-loans","before-you-borrow",4
"borrowing-and-credit-basics","before-you-borrow",5
"compare-the-cost-of-borrowing-gbp1000","before-you-borrow",6
"avoid-high-fees-and-hidden-borrowing-costs","before-you-borrow",7
"compare-the-cost-of-borrowing-gbp5000","before-you-borrow",8
"loan-calculator","before-you-borrow",9
"should-you-borrow-from-family-or-friends","before-you-borrow",10
"taking-out-a-joint-debt-or-loan-what-you-need-to-know","before-you-borrow",11
"secured-and-unsecured-borrowing-explained","before-you-borrow",12
"good-debt-versus-bad-debt","before-you-borrow",13
"working-out-a-repayment-plan-for-money-you-are-borrowing","before-you-borrow",14
"how-much-can-you-afford-to-borrow","before-you-borrow",15
"building-a-credit-history-as-a-young-consumer","before-you-borrow",16
"can-you-afford-to-borrow-money","before-you-borrow",17
"benefits-and-tax-credits-after-job-loss","benefits-at-work",1
"benefits-and-tax-credits-when-youve-lost-your-job","benefits-at-work",2
"pay-and-benefits-for-temps-and-agency-workers","benefits-at-work",3
"working-tax-credit","benefits-at-work",4
"cars-insurance-and-other-employee-benefits","benefits-at-work",5
"salary-sacrifice-schemes","benefits-at-work",6
"estimate-your-overall-buying-and-moving-costs","buying-a-home",1
"how-much-can-you-afford-to-borrow","buying-a-home",2
"money-timeline-when-buying-property-england-wales--n-ireland","buying-a-home",3
"stamp-duty-calculator","buying-a-home",4
"first-time-buyer-money-tips","buying-a-home",5
"help-to-buy-homebuy-and-other-housing-schemes","buying-a-home",6
"should-you-rent-or-buy","buying-a-home",7
"decide-whether-to-rent-or-buy","buying-a-home",8
"planning-for-the-cost-of-moving-day","buying-a-home",9
"leasehold-or-freehold-financial-implications","buying-a-home",10
"help-to-buy-scheme-everything-you-need-to-know","buying-a-home",11
"help-to-buy-schemes-faqs","buying-a-home",12
"right-to-buy-right-to-acquire-in-england-wales-and-n-ireland","buying-a-home",13
"right-to-buy-scotland","buying-a-home",14
"everything-you-need-to-know-about-stamp-duty","buying-a-home",15
"cost-timeline-for-buying-a-property-in-scotland","buying-a-home",16
"choosing-a-mortgage-shop-around-or-get-advice","buying-a-home",17
"the-newbuy-scheme","buying-a-home",18
"quick-house-sales","buying-a-home",19
"things-to-look-out-for-when-buying-property-overseas","buying-a-home",20
"shared-ownership-housing-schemes-explained","buying-a-home",21
"buying-a-home-how-to-avoid-the-most-common-mistakes","buying-a-home",22
"how-to-buy-and-sell-a-home-through-estate-agents","buying-a-home",23
"find-the-right-solicitor-or-conveyancer","buying-a-home",24
"how-to-apply-for-a-mortgage","buying-a-home",25
"a-guide-to-homebuyer-surveys-and-costs","buying-a-home",27
"what-you-need-to-know-about-contract-exchange-and-completion","buying-a-home",28
"saving-money-for-a-deposit","buying-a-home",29
"mortgage-affordability-calculator","calculators",1
"mortgage-calculator","calculators",2
"stamp-duty-calculator","calculators",3
"pension-calculator","calculators",4
"loan-calculator","calculators",5
"budget-planner","calculators",6
"divorce-and-separation-calculator","calculators",7
"car-costs-calculator","calculators",8
"savings-calculator","calculators",9
"cut-back-calculator","calculators",10
"baby-costs-calculator","calculators",11
"health-check","calculators",12
"cost-of-childcare-calculator","calculators",13
"workplace-pension-contribution-calculator","calculators",14
"money-stretcher","calculators",15
"credit-card-calculator","calculators",16
"debt-test","calculators",17
"workplace-pension-advice-tool","calculators",18
"budgeting-and-baby","calculators",19
"estimate-what-you-need-to-save-for-retirement","calculators",21
"christmas-money-planner","calculators",22
"car-insurance-choose-the-right-level-of-cover","car-insurance",2
"car-insurance-how-to-get-the-best-deal","car-insurance",3
"a-good-car-insurance-policy","car-insurance",4
"young-drivers-insurance","car-insurance",5
"car-insurance-when-driving-abroad","car-insurance",7
"do-you-need-gap-insurance","car-insurance",8
"car-insurance-for-young-drivers","car-insurance",9
"car-insurance-for-young-drivers-top-tips","car-insurance",10
"long-term-care-services-at-a-glance","care-advice-and-help",1
"planning-ahead-for-when-you-cant-manage-your-money","care-advice-and-help",2
"care-services-to-help-you-stay-in-your-own-home","care-advice-and-help",3
"preparing-for-illness-old-age-and-death","care-advice-and-help",4
"care-home-or-home-care","care-advice-and-help",5
"choosing-the-right-care-home","care-advice-and-help",6
"what-if-youre-unhappy-with-the-care-you-receive","care-advice-and-help",7
"how-to-challenge-your-local-authority-over-your-care","care-advice-and-help",8
"solving-problems-when-family-members-are-helping-with-your-money","care-advice-and-help",9
"using-a-personal-assistant-to-provide-your-care","care-advice-and-help",10
"when-does-someone-need-formal-help-with-managing-their-money","care-advice-and-help",11
"setting-up-a-power-of-attorney","care-advice-and-help",12
"setting-up-a-trust","care-advice-and-help",13
"being-a-trustee","care-advice-and-help",14
"resolving-problems-with-attorneys-and-trustees","care-advice-and-help",15
"changes-to-child-benefit-from-2013","child-benefit",1
"claiming-child-benefit","child-benefit",2
"claim-work-entitlements-when-pregnant","child-benefit",3
"arranging-child-maintenance-with-your-ex-partner","child-benefit",4
"benefits-and-entitlements-to-claim-when-you-have-a-baby","child-benefit",5
"child-tax-credit","child-benefit",6
"financial-support-if-you-or-your-child-has-a-disability","child-benefit",7
"managing-your-credit-card-account","credit-cards-and-credit-ratings",NULL
"deciding-whether-to-transfer-your-credit-card-balance","credit-cards-and-credit-ratings",NULL
"cashback-credit-cards","credit-cards-and-credit-ratings",NULL
"in-store-credit-and-hire-purchase","credit-cards-and-credit-ratings",NULL
"store-cards-explained","credit-cards-and-credit-ratings",NULL
"catalogue-credit-or-shopping-accounts","credit-cards-and-credit-ratings",NULL
"credit-card-calculator","credit-cards-and-credit-ratings",NULL
"credit-card-cheques","credit-cards-and-credit-ratings",NULL
"how-youre-protected-when-you-pay-by-card","credit-cards-and-credit-ratings",NULL
"charge-cards-explained","credit-cards-and-credit-ratings",NULL
"choosing-and-applying-for-a-credit-card","credit-cards-and-credit-ratings",NULL
"reclaiming-unfair-credit-card-charges","credit-cards-and-credit-ratings",NULL
"paying-off-your-credit-card","credit-cards-and-credit-ratings",NULL
"credit-and-debit-cards-a-quick-guide","credit-cards-and-credit-ratings",NULL
"what-to-do-if-you-have-been-refused-a-loan-or-credit-card","credit-cards-and-credit-ratings",NULL
"how-to-improve-your-credit-rating","credit-cards-and-credit-ratings",NULL
"how-your-credit-score-affects-the-cost-of-borrowing","credit-cards-and-credit-ratings",NULL
"how-to-check-your-credit-report","credit-cards-and-credit-ratings",NULL
"deciding-on-the-best-type-of-credit-for-you","credit-cards-and-credit-ratings",NULL
"getting-credit-for-the-first-time","credit-cards-and-credit-ratings",NULL
"ways-to-increase-your-credit-limit","credit-cards-and-credit-ratings",NULL
"credit-cards","credit-cards-and-credit-ratings",NULL
"credit-card-comparison-tables","credit-cards-and-credit-ratings",NULL
"save-money-on-your-home-phone-and-broadband","cutting-costs",NULL
"cut-your-home-phone-and-broadband-costs","cutting-costs",NULL
"save-money-on-your-mobile-phone","cutting-costs",NULL
"save-money-on-your-gas-and-bills","cutting-costs",NULL
"save-energy-save-money","cutting-costs",NULL
"cut-your-fuel-bills-with-the-green-deal","cutting-costs",NULL
"smarter-shopping---tips-and-tricks-to-save-money-when-shopping","cutting-costs",NULL
"how-to-pay-for-home-improvements","cutting-costs",NULL
"get-holidays-for-less","cutting-costs",NULL
"your-tips-for-paying-for-a-holiday","cutting-costs",NULL
"your-top-tips-for-buying-and-running-a-car","cutting-costs",NULL
"how-to-save-money-on-your-council-tax-bill","cutting-costs",NULL
"whats-the-best-way-to-finance-buying-a-car","cutting-costs",NULL
"paying-for-and-protecting-your-phone","cutting-costs",NULL
"cut-your-car-and-train-costs","cutting-costs",1
"save-money-on-your-water-bill","cutting-costs",1
"how-to-sort-out-your-finances-on-separation","divorce-and-separation",1
"how-to-sort-out-your-finances-on-divorce-or-dissolution","divorce-and-separation",2
"your-options-for-legal-or-financial-advice-on-separation","divorce-and-separation",3
"your-options-for-legal-or-financial-advice-on-divorce-or-dissolution","divorce-and-separation",4
"how-much-does-divorce-or-dissolution-cost","divorce-and-separation",5
"how-to-pay-legal-fees-when-you-separate","divorce-and-separation",6
"how-to-pay-legal-fees-on-divorce-or-dissolution","divorce-and-separation",7
"diy-do-it-yourself-divorce-or-dissolution","divorce-and-separation",8
"separation-agreements-instead-of-divorce-or-dissolution","divorce-and-separation",9
"separation-agreements-instead-of-divorce-or-dissolution-in-scotland","divorce-and-separation",10
"a-guide-to-international-divorce-or-dissolution","divorce-and-separation",11
"how-to-protect-your-finances-during-separation","divorce-and-separation",12
"how-to-protect-your-finances-during-divorce-or-dissolution","divorce-and-separation",13
"protecting-your-home-ownership-rights-during-separation","divorce-and-separation",14
"protecting-your-home-ownership-rights-during-divorce-or-dissolution","divorce-and-separation",15
"renting-protect-your-rights-to-your-home-during-separation","divorce-and-separation",16
"renting-your-rights-to-your-home-during-divorce-or-dissolution","divorce-and-separation",17
"protecting-against-financial-abuse","divorce-and-separation",18
"arranging-interim-maintenance-in-england-wales-northern-ireland","divorce-and-separation",19
"arranging-interim-aliment-in-scotland","divorce-and-separation",20
"how-to-arrange-child-maintenance","divorce-and-separation",21
"how-to-deal-with-problem-debt-after-separation","divorce-and-separation",22
"managing-your-household-budget-on-separation","divorce-and-separation",23
"benefits-you-may-be-entitled-to-if-you-are-separating","divorce-and-separation",24
"sort-out-joint-mortgage-bank-account-insurance-and-other-finances-with-your-ex-partner","divorce-and-separation",25
"dividing-the-family-home-and-mortgage-during-separation","divorce-and-separation",26
"dividing-the-family-home-and-mortgage-during-divorce-or-dissolution","divorce-and-separation",27
"dividing-the-family-home-on-separation-renting","divorce-and-separation",28
"dividing-the-family-home-on-divorce-or-dissolution-if-youre-renting","divorce-and-separation",29
"dividing-pensions-on-divorce-or-dissolution","divorce-and-separation",30
"how-to-divide-your-possessions-on-separation","divorce-and-separation",31
"dividing-investments-and-savings-when-you-separate","divorce-and-separation",32
"dividing-investments-and-savings-during-divorce-or-dissolution","divorce-and-separation",33
"dividing-business-interests-on-separation","divorce-and-separation",34
"dividing-business-interests-on-divorce-or-dissolution","divorce-and-separation",35
"what-to-do-with-childrens-accounts-and-savings-if-you-separate","divorce-and-separation",36
"clean-break-or-periodical-allowance-after-divorce-or-dissolution","divorce-and-separation",37
"clean-break-or-spousal-maintenance-after-divorce-or-dissolution","divorce-and-separation",38
"what-to-do-with-a-lump-sum-payment-after-divorce-or-dissolution","divorce-and-separation",39
"build-up-your-retirement-savings-after-divorce-or-dissolution","divorce-and-separation",40
"review-insurance-for-dependants-and-your-will-on-separation","divorce-and-separation",41
"review-insurance-for-dependants-and-your-will-during-divorce-or-dissolution","divorce-and-separation",42
"review-insurance-for-your-home-and-possessions-on-separation","divorce-and-separation",43
"your-financial-position-in-a-new-relationship","divorce-and-separation",44
"changes-that-may-affect-maintenance-payments","divorce-and-separation",45
"how-much-child-maintenance-should-i-pay","divorce-and-separation",46
"entitlements-from-work-when-pregnant","having-a-baby",1
"managing-family-finances-when-youve-had-a-baby","having-a-baby",2
"cutting-costs-when-you-have-a-baby-top-tips-for-parents","having-a-baby",3
"baby-costs-calculator","having-a-baby",4
"benefits-you-can-claim-when-youre-pregnant","having-a-baby",5
"you-your-kids-and-money","having-a-baby",6
"tax-credits-and-other-help-with-childcare-costs","having-a-baby",7
"baby-money-timeline","having-a-baby",8
"cost-of-childcare-calculator","having-a-baby",9
"review-your-insurance-after-having-a-baby","having-a-baby",10
"changes-to-child-benefit-from-2013","having-a-baby",11
"sorting-out-your-money-when-youre-pregnant","having-a-baby",12
"calculate-the-cost-of-a-new-baby","having-a-baby",13
"work-out-the-cost-of-childcare-options","having-a-baby",14
"free-prescriptions-and-nhs-dental-care-in-pregnancy","having-a-baby",15
"new-baby-why-budget","having-a-baby",16
"prepare-for-the-cost-of-having-a-baby","having-a-baby",17
"cut-costs-when-shopping-for-your-baby","having-a-baby",18
"how-a-baby-could-affect-your-finances","having-a-baby",19
"claim-free-medical-care-when-pregnant","having-a-baby",20
"claim-work-entitlements-when-pregnant","having-a-baby",21
"if-your-baby-is-stillborn","having-a-baby",22
"returning-to-study-after-having-a-baby","having-a-baby",23
"what-is-insurance","help-with-insurance",1
"types-of-insurance","help-with-insurance",2
"things-to-watch-out-for-when-buying-insurance","help-with-insurance",3
"how-to-buy-insurance-using-comparison-sites","help-with-insurance",4
"when-to-use-an-insurance-broker","help-with-insurance",5
"making-an-insurance-claim","help-with-insurance",6
"making-a-complaint-about-an-insurance-company","help-with-insurance",7
"sort-out-a-money-problem-make-a-complaint-or-get-compensation","help-with-insurance",8
"the-financial-services-compensation-scheme---quick-guide","help-with-insurance",9
"what-to-do-when-things-go-wrong-payments","help-with-insurance",10
"financial-mis-selling-what-to-do-if-you-think-its-affected-you","help-with-insurance",11
"compensation-if-youve-lost-money-through-mis-selling","help-with-insurance",12
"what-to-do-if-your-insurance-claim-is-rejected","help-with-insurance",13
"how-to-complain-about-an-insurer","help-with-insurance",14
"getting-insurance-if-you-have-a-criminal-conviction","help-with-insurance",15
"personal-loans","help-with-loans",1
"the-financial-services-compensation-scheme---quick-guide","help-with-loans",2
"second-charge-or-second-mortgages","help-with-loans",3
"payday-loans","help-with-loans",4
"credit-brokers-and-payday-loans","help-with-loans",5
"alternatives-to-payday-loans","help-with-loans",6
"what-to-do-if-you-have-been-refused-a-loan-or-credit-card","help-with-loans",7
"loan-calculator","help-with-loans",8
"budgeting-loans-from-the-social-fund","help-with-loans",9
"credit-unions","help-with-loans",10
"how-to-spot-a-loan-shark","help-with-loans",11
"pawnbrokers-how-they-work","help-with-loans",12
"home-credit-or-doorstep-lending","help-with-loans",13
"logbook-loans","help-with-loans",14
"problems-paying-back-payday-loans","help-with-loans",15
"payday-loans-what-you-need-to-know","help-with-loans",16
"peer-to-peer-loans","help-with-loans",17
"debt-consolidation-loans","help-with-loans",18
"mortgages-a-beginners-guide","help-with-mortgages",1
"how-to-choose-the-right-mortgage","help-with-mortgages",2
"mortgage-affordability-calculator","help-with-mortgages",3
"mortgage-arrears-if-you-have-problems-paying-your-mortgage","help-with-mortgages",4
"how-to-get-a-mortgage-if-you-have-a-small-deposit","help-with-mortgages",5
"work-out-what-mortgage-you-can-afford","help-with-mortgages",6
"choosing-a-mortgage-shop-around-or-get-advice","help-with-mortgages",8
"why-it-pays-to-review-your-mortgage-regularly","help-with-mortgages",9
"mortgage-calculator","help-with-mortgages",10
"government-help-if-you-cant-pay-your-mortgage","help-with-mortgages",11
"remortgaging-to-cut-costs","help-with-mortgages",12
"increasing-your-mortgage-getting-a-further-advance","help-with-mortgages",14
"should-you-pay-off-your-mortgage-early","help-with-mortgages",15
"mortgage-payment-holidays","help-with-mortgages",16
"work-out-if-it-pays-to-remortgage","help-with-mortgages",17
"ways-of-repaying-an-interest-only-mortgage","help-with-mortgages",18
"next-steps-if-you-cant-get-a-mortgage","help-with-mortgages",19
"make-an-interest-only-repayment-scheme","help-with-mortgages",20
"keyfacts-documents-explaining-your-mortgage","help-with-mortgages",21
"what-to-do-if-youve-been-threatened-with-repossession","help-with-mortgages",22
"what-to-do-when-things-go-wrong-payments","help-with-mortgages",23
"financial-mis-selling-what-to-do-if-you-think-its-affected-you","help-with-mortgages",24
"mis-sold-endowment-mortgages","help-with-mortgages",25
"your-mortgage-comparison-checklist","help-with-mortgages",26
"should-you-overpay-your-mortgage","help-with-mortgages",27
"tips-if-youre-struggling-to-get-a-mortgage","help-with-mortgages",28
"mortgage-repayment-options","help-with-mortgages",29
"mortgage-interest-rate-options","help-with-mortgages",30
"mortgage-related-fees-and-costs-at-a-glance","help-with-mortgages",31
"mortgage-special-features","help-with-mortgages",32
"insurance-sold-with-mortgages-shop-around-first","help-with-mortgages",33
"dealing-with-an-endowment-shortfall","help-with-mortgages",34
"cut-back-calculator","help-with-mortgages",35
"compensation-if-youve-lost-money-through-mis-selling","help-with-mortgages",36
"the-financial-services-compensation-scheme---quick-guide","help-with-mortgages",37
"make-sure-youre-getting-the-right-entitlements","help-with-your-benefits",1
"benefit-changes-in-2013","help-with-your-benefits",2
"universal-credit-timeline","help-with-your-benefits",3
"where-to-get-help-and-advice-about-benefits","help-with-your-benefits",4
"benefit-sanctions-and-what-to-do-about-them","help-with-your-benefits",5
"what-to-do-if-your-benefits-are-cut","help-with-your-benefits",6
"support-while-waiting-for-benefit-payments","help-with-your-benefits",7
"the-benefit-cap","help-with-your-benefits",8
"personal-independence-payment-an-introduction","help-with-your-benefits",9
"find-out-what-benefits-you-qualify-for","help-with-your-benefits",10
"cuts-to-housing-benefit-for-social-housing-tenants","help-with-your-benefits",11
"do-you-need-buildings-insurance","home-insurance",2
"buildings-insurance-how-much-cover-do-you-need","home-insurance",3
"buildings-insurance-what-does-a-good-policy-look-like","home-insurance",4
"do-you-need-contents-insurance","home-insurance",5
"contents-insurance-for-students-and-those-in-shared-accommodation","home-insurance",6
"contents-insurance-get-the-right-policy-and-cover","home-insurance",7
"contents-insurance-what-does-good-look-like","home-insurance",8
"home-insurance-how-to-get-the-best-deal","home-insurance",9
"flood-insurance-getting-the-right-cover","home-insurance",10
"do-you-need-mobile-phone-insurance","home-insurance",11
"extended-warranties-are-they-worth-it","home-insurance",12
"buildings-insurance","home-insurance",13
"how-to-find-the-right-car-for-your-budget","how-to-buy-a-car",1
"car-finance-explained","how-to-buy-a-car",2
"making-sure-you-can-meet-your-car-payments","how-to-buy-a-car",3
"car-costs-calculator","how-to-buy-a-car",4
"deciding-how-to-pay-for-a-car","how-to-buy-a-car",5
"buying-a-car-through-a-personal-loan","how-to-buy-a-car",6
"leasing-a-car","how-to-buy-a-car",7
"buying-a-car-through-hire-purchase","how-to-buy-a-car",8
"the-most-reliable-cars-to-own","how-to-buy-a-car",9
"the-safest-cars-to-drive","how-to-buy-a-car",10
"car-depreciation-explained","how-to-buy-a-car",11
"car-tax-bands-explained","how-to-buy-a-car",12
"choosing-between-petrol-and-diesel-power","how-to-buy-a-car",13
"alternatives-to-petrol-and-diesel-cars","how-to-buy-a-car",14
"where-to-buy-a-new-car","how-to-buy-a-car",15
"where-to-buy-a-used-car","how-to-buy-a-car",16
"when-to-buy-a-car","how-to-buy-a-car",17
"how-to-negotiate-when-buying-a-car","how-to-buy-a-car",18
"how-to-test-drive-and-check-a-used-car","how-to-buy-a-car",19
"how-to-test-drive-and-check-a-new-car","how-to-buy-a-car",20
"car-warranties","how-to-buy-a-car",21
"saving-money-for-a-car","how-to-buy-a-car",22
"investing-beginners-guide","how-to-invest-money",NULL
"the-financial-services-compensation-scheme---quick-guide","how-to-invest-money",NULL
"get-started-with-investing","how-to-invest-money",NULL
"getting-more-informed-about-investing","how-to-invest-money",NULL
"complete-a-money-fact-find","how-to-invest-money",NULL
"know-your-risk-appetite","how-to-invest-money",NULL
"making-an-investment-plan","how-to-invest-money",NULL
"make-an-investment-plan","how-to-invest-money",NULL
"diversifying-the-smart-way-to-save-and-invest","how-to-invest-money",NULL
"beware-toxic-saving-and-investment-products","how-to-invest-money",NULL
"what-are-pooled-investment-funds","how-to-invest-money",NULL
"how-to-buy-investments","how-to-invest-money",NULL
"understanding-investment-fees","how-to-invest-money",NULL
"key-facts-documents-and-cooling-off-periods-what-you-need-to-know","how-to-invest-money",NULL
"reviewing-your-savings-and-investments","how-to-invest-money",NULL
"assessing-the-performance-of-your-savings-and-investments","how-to-invest-money",NULL
"asset-classes-explained","how-to-invest-money",NULL
"ethical-saving-and-investing","how-to-invest-money",NULL
"top-tips-for-choosing-investments","how-to-invest-money",NULL
"compensation-if-youve-lost-money-through-mis-selling","how-to-invest-money",NULL
"investing-a-lump-sum","how-to-invest-money",NULL
"decide-how-to-invest-a-lump-sum","how-to-invest-money",NULL
"financial-mis-selling-what-to-do-if-you-think-its-affected-you","how-to-invest-money",NULL
"do-you-need-a-financial-adviser","how-to-invest-money",NULL
"endowment-policies","how-to-invest-money",NULL
"investing-in-property","how-to-invest-money",NULL
"what-happens-when-your-with-profits-fund-closes","how-to-invest-money",NULL
"high-risk-investment-products","how-to-invest-money",NULL
"what-to-do-when-things-go-wrong-payments","how-to-invest-money",NULL
"where-to-buy-investments","how-to-invest-money",1
"why-it-pays-to-save-regularly","how-to-save-money",1
"build-an-emergency-savings-fund","how-to-save-money",2
"budget-planner","how-to-save-money",3
"health-check","how-to-save-money",4
"savings-calculator","how-to-save-money",5
"money-stretcher","how-to-save-money",6
"childrens-savings-options","how-to-save-money",7
"should-i-save-or-invest","how-to-save-money",8
"getting-into-the-savings-habit","how-to-save-money",9
"how-to-choose-between-saving-and-borrowing","how-to-save-money",10
"get-the-most-out-of-your-cash-isa","how-to-save-money",11
"make-the-most-of-tax-free-cash-savings","how-to-save-money",12
"set-and-reach-your-savings-goal","how-to-save-money",13
"what-if-you-cant-afford-to-save","how-to-save-money",14
"emergency-savings-how-much-is-enough","how-to-save-money",15
"should-i-save-or-pay-off-debt","how-to-save-money",16
"action-plan-paying-for-your-summer-holiday","how-to-save-money",17
"compound-interest","how-to-save-money",18
"dont-keep-cash-under-the-mattress","how-to-save-money",19
"inflation","how-to-save-money",20
"inflation-what-the-saver-needs-to-know","how-to-save-money",21
"saving-money-to-boost-your-budget","how-to-save-money",22
"saving-money-for-christmas","how-to-save-money",23
"saving-money-for-a-wedding","how-to-save-money",24
"saving-money-for-a-holiday","how-to-save-money",25
"saving-money-for-a-deposit","how-to-save-money",26
"saving-money-for-a-car","how-to-save-money",27
"how-to-set-a-savings-goal","how-to-save-money",28
"how-to-sort-out-your-money-if-you-become-ill-or-disabled","illness-and-disability",1
"support-to-help-you-keep-your-job-when-ill-or-disabled","illness-and-disability",2
"help-to-find-work-if-youre-disabled","illness-and-disability",3
"support-to-help-you-study-when-ill-or-disabled","illness-and-disability",4
"disability-and-sickness-benefits-check-your-entitlements","illness-and-disability",5
"personal-independence-payment-an-introduction","illness-and-disability",6
"universal-credit-for-disabled-people","illness-and-disability",7
"financial-support-if-you-or-your-child-has-a-disability","illness-and-disability",8
"how-to-appeal-against-a-disability-benefits-decision","illness-and-disability",9
"funding-to-adapt-your-home-for-accessibility","illness-and-disability",10
"charitable-grants-for-ill-or-disabled-people","illness-and-disability",11
"shopping-around-for-disability-aids-and-equipment","illness-and-disability",12
"motability-blue-badge-scheme-and-discounted-travel","illness-and-disability",13
"money-saving-tips-and-discounts-for-disabled-people","illness-and-disability",14
"buying-insurance-if-youre-ill-or-disabled","illness-and-disability",15
"getting-a-mortgage-if-youre-ill-or-disabled","illness-and-disability",16
"getting-a-loan-if-you-are-ill-or-disabled","illness-and-disability",17
"early-retirement-because-of-illness-or-disability","illness-and-disability",18
"baby-money-timeline","interactive-timelines",1
"universal-credit-timeline","interactive-timelines",2
"fixed-interest-securities-gilts-and-corporate-bonds","investment-types",NULL
"withdrawable-share-capital","investment-types",NULL
"tracker-funds-index-funds-exchange-traded-funds","investment-types",NULL
"art-fine-wine-and-other-collectibles-as-investments","investment-types",NULL
"spread-betting-and-contracts-for-difference","investment-types",NULL
"hedge-funds","investment-types",NULL
"endowment-policies","investment-types",NULL
"investment-bonds","investment-types",NULL
"ending-your-with-profits-policy-early","investment-types",NULL
"tax-and-qualifying-life-insurance-products","investment-types",NULL
"structured-deposits-and-investment-products","investment-types",NULL
"buy-to-let-property-investments","investment-types",NULL
"stocks-and-shares-isas","investment-types",NULL
"tax-and-property-investment","investment-types",NULL
"indirect-property-investments","investment-types",NULL
"with-profits-funds","investment-types",NULL
"unit-trusts-and-open-ended-investment-companies-oeics","investment-types",NULL
"venture-capital-trusts","investment-types",NULL
"investment-trusts","investment-types",NULL
"popular-investments-at-a-glance","investment-types",NULL
"investing-in-shares","investment-types",NULL
"workplace-investment-schemes","investment-types",NULL
"childrens-bonds","investment-types",1
"tax-relief-on-pension-contributions","jobs-and-tax",NULL
"tax-and-national-insurance-when-youre-self-employed","jobs-and-tax",NULL
"pay-and-tax-when-working-in-more-than-one-job","jobs-and-tax",NULL
"tax-and-national-insurance-deductions","jobs-and-tax",NULL
"income-tax-and-national-insurance","jobs-and-tax",NULL
"understanding-your-first-payslip","jobs-and-tax",NULL
"how-you-get-paid-at-work","jobs-and-tax",NULL
"budgeting-for-your-first-job","jobs-and-tax",NULL
"understanding-your-payslip","jobs-and-tax",NULL
"help-and-advice-when-applying-for-a-job","jobs-and-tax",NULL
"apprenticeships-for-young-people","jobs-and-tax",NULL
"checking-your-employment-contract","jobs-and-tax",NULL
"changing-your-career-following-redundancy","jobs-and-tax",NULL
"thinking-of-starting-up-in-business","jobs-and-tax",NULL
"business-insurance-when-youre-self-employed","jobs-and-tax",NULL
"personal-insurance-when-youre-self-employed","jobs-and-tax",NULL
"age-related-personal-allowances","jobs-and-tax",1
"do-you-need-life-insurance","life-and-protection-insurance",1
"life-insurance-how-and-where-to-buy-it","life-and-protection-insurance",2
"life-insurance-choosing-the-right-policy-and-cover","life-and-protection-insurance",3
"do-you-need-income-protection-insurance","life-and-protection-insurance",4
"what-does-a-good-income-protection-policy-look-like","life-and-protection-insurance",5
"how-and-where-to-buy-income-protection-insurance","life-and-protection-insurance",6
"income-protection-insurance-choose-the-right-policy-and-cover","life-and-protection-insurance",7
"how-to-reclaim-ppi","life-and-protection-insurance",8
"reclaiming-payment-protection-insurance","life-and-protection-insurance",9
"short-term-income-protection-insurance","life-and-protection-insurance",10
"do-you-need-private-medical-insurance","life-and-protection-insurance",11
"how-and-where-to-buy-critical-illness-insurance","life-and-protection-insurance",12
"critical-illness-insurance-choose-the-right-policy-and-cover","life-and-protection-insurance",13
"critical-illness-insurance-do-you-need-it","life-and-protection-insurance",14
"a-good-critical-illness-insurance-policy","life-and-protection-insurance",15
"critical-illness-or-income-protection-insurance","life-and-protection-insurance",16
"work-out-if-you-need-life-insurance-and-get-the-right-cover","life-and-protection-insurance",17
"do-you-need-payment-protection-insurance-ppi","life-and-protection-insurance",19
"do-you-need-dental-insurance","life-and-protection-insurance",20
"whole-of-life-policies","life-and-protection-insurance",21
"why-you-should-make-a-will","making-a-will",1
"make-a-will-to-protect-your-family","making-a-will",2
"writing-a-will-your-options","making-a-will",3
"changing-your-will","making-a-will",4
"what-happens-if-you-dont-leave-a-will","making-a-will",5
"storing-your-will-where-others-can-find-it","making-a-will",6
"will-writing-services-pros-and-cons","making-a-will",7
"talking-to-your-family-about-your-will","making-a-will",8
"planning-what-to-leave-in-your-will","making-a-will",9
"using-a-solicitor-to-write-your-will","making-a-will",10
"diy-wills-what-you-need-to-know","making-a-will",11
"putting-your-affairs-in-order","making-a-will",12
"preparing-for-illness-old-age-and-death","making-a-will",13
"choosing-your-executor","making-a-will",14
"top-five-ways-to-cut-your-inheritance-tax","making-a-will",15
"gifts-and-transfers-exempt-from-inheritance-tax","making-a-will",16
"life-insurance-and-inheritance-tax","making-a-will",17
"will-you-have-to-pay-inheritance-tax","making-a-will",18
"the-tax-benefits-of-giving-to-charity","making-a-will",19
"using-a-trust-to-cut-your-inheritance-tax","making-a-will",20
"beginners-guide-to-managing-your-money","managing-money",1
"how-to-make-your-money-last-all-week","managing-money",2
"living-on-a-low-income-tips","managing-money",3
"budget-planner","managing-money",4
"health-check","managing-money",5
"how-to-make-ends-meet-on-a-low-income","managing-money",6
"how-to-make-your-money-go-further","managing-money",7
"how-to-manage-your-money-better","managing-money",8
"using-a-basic-bank-account-or-prepaid-card-to-avoid-debt","managing-money",9
"the-best-ways-to-pay-bills","managing-money",10
"paying-your-own-way","managing-money",11
"should-we-manage-money-jointly-or-separately","managing-money",12
"how-to-survive-as-a-couple-if-one-of-you-spends-too-much","managing-money",13
"talking-about-money-with-your-partner","managing-money",14
"managing-money","managing-money",15
"managing-your-money-using-the-jam-jar-approach","managing-money",16
"cut-back-calculator","managing-money",17
"prepaid-cards-explained","managing-money",18
"money-stretcher","managing-money",19
"how-to-pay-your-bills-on-time-and-save-money","managing-money",20
"how-to-stick-to-a-budget-and-save-money","managing-money",21
"choosing-a-financial-adviser","managing-money",22
"getting-informal-help-to-manage-your-money","managing-money",23
"managing-money-for-someone-who-is-missing","managing-money",24
"your-tax-rate","managing-money",25
"maternity-allowance","maternity-and-paternity-rights",1
"maternity-pay-and-leave","maternity-and-paternity-rights",2
"paternity-leave-and-pay","maternity-and-paternity-rights",3
"know-your-rights-when-you-go-back-to-work-after-having-a-baby","maternity-and-paternity-rights",4
"understanding-your-childcare-options","maternity-and-paternity-rights",5
"help-from-your-employer-with-childcare-costs","maternity-and-paternity-rights",6
"working-for-yourself-after-youve-had-a-baby","maternity-and-paternity-rights",7
"protecting-your-workplace-pension-after-having-a-baby","maternity-and-paternity-rights",8
"protecting-your-state-pension-when-you-have-a-baby","maternity-and-paternity-rights",9
"claim-maternity-pay-and-leave","maternity-and-paternity-rights",10
"returning-to-study-after-having-a-baby","maternity-and-paternity-rights",11
"claim-maternity-grants-and-vouchers","maternity-and-paternity-rights",12
"claim-maternity-allowance","maternity-and-paternity-rights",13
"adoption-pay-and-leave","maternity-and-paternity-rights",14
"your-options-for-paternity-benefits","maternity-and-paternity-rights",15
"mortgage-arrears-if-you-have-problems-paying-your-mortgage","mortgage-and-rent-problems",1
"rent-arrears-problems-paying-your-rent","mortgage-and-rent-problems",2
"what-to-do-if-youve-been-threatened-with-repossession","mortgage-and-rent-problems",4
"government-help-if-you-cant-pay-your-mortgage","mortgage-and-rent-problems",5
"sale-and-rent-back-schemes","mortgage-and-rent-problems",6
"dealing-with-an-endowment-shortfall","mortgage-and-rent-problems",7
"remortgaging-to-cut-costs","mortgage-and-rent-problems",8
"one-in-five-to-retire-in-debt-this-year","news",2
"childcare-costs-hinder-return-to-work","news",3
"young-women-pay-the-price-under-eu-gender-ruling","news",4
"new-debt-advice-service-for-northern-ireland","news",5
"couples-confused-over-joint-accounts","news",7
"christmas-causes-unpaid-rent","news",8
"consumers-concerned-about-security-online","news",9
"more-than-one-in-three-cannot-meet-unexpected-expenses","news",10
"big-freeze-could-cause-boiler-breakdown-for-millions","news",11
"credit-cards-pay-for-january-debts","news",13
"cold-snap-could-add-gbp7-a-week-to-household-energy-bills","news",14
"new-state-pension-proposals-revealed","news",15
"nine-million-relying-on-a-windfall-to-fund-retirement","news",16
"disability-benefit-changes-need-a-rethink","news",17
"energy-bills-for-elderly-have-doubled-since-2005","news",18
"retirement-income-expectations-drop-to-six-year-low","news",21
"child-benefit-changes-come-into-effect","news",24
"about-our-debt-work","our-debt-work",1
"debt-publications","our-debt-work",2
"debt-advice-evaluation-toolkit-registration","our-debt-work",3
"partners-overview-parhub","Partners",1
"syndicating-tools-parhub","Partners",3
"video-syndication-parhub","Partners",4
"toolkits-parhub","Partners",5
"linking-parhub","Partners",6
"examples-parhub","Partners",7
"licence-agreement-parhub","Partners",8
"syndication-portal-guide-parhub","Partners",13
"what-is-universal-credit-and-when-is-it-coming-in-ucrhub","partners-uc-banks",1
"what-do-i-need-to-know-about-universal-credit-customers-ucrhub","partners-uc-banks",2
"common-customer-queries-about-bank-accounts-ucrhub","partners-uc-banks",3
"things-to-look-out-for-with-universal-credit-customers-ucrhub","partners-uc-banks",4
"universal-credit-glossary-ucrhub","partners-uc-banks",5
"universal-credit-information-for-landlords-landhub","partners-uc-landlords",1
"what-you-need-to-know-if-a-tenant-is-claiming-universal-credit-landhub","partners-uc-landlords",2
"universal-credit-glossary-ucrhub","partners-uc-landlords",3
"how-is-housing-benefit-changing-landhub","partners-uc-landlords",4
"helping-your-tenants-get-a-bank-account-landhub","partners-uc-landlords",5
"helping-tenants-to-manage-their-own-rent-payments-landhub","partners-uc-landlords",6
"what-to-do-if-your-tenant-is-in-arrears-landhub","partners-uc-landlords",7
"self-funding-your-long-term-care-your-options","paying-for-care",1
"are-you-eligible-for-nhs-continuing-care-funding","paying-for-care",2
"benefits-you-can-claim-when-you-have-care-needs","paying-for-care",3
"get-financial-advice-on-how-to-fund-your-long-term-care","paying-for-care",4
"local-authority-funding-for-care-costs-do-you-qualify","paying-for-care",5
"registered-nursing-care-contribution","paying-for-care",6
"means-tests-for-help-with-care-costs-how-they-work","paying-for-care",7
"how-a-local-authority-care-needs-assessment-works","paying-for-care",8
"direct-payments-explained","paying-for-care",9
"managing-direct-payments-to-pay-for-the-care-you-need","paying-for-care",10
"how-to-fund-your-long-term-care-a-beginners-guide","paying-for-care",11
"claiming-on-insurance-to-help-cover-the-costs-of-care","paying-for-care",12
"using-a-home-reversion-plan-to-pay-for-your-care","paying-for-care",13
"make-your-money-easier-to-manage-by-yourself","paying-for-care",14
"using-investment-bonds-to-pay-for-your-long-term-care","paying-for-care",15
"immediate-need-care-fee-payment-plans","paying-for-care",16
"using-a-lifetime-mortgage-to-pay-for-your-long-term-care","paying-for-care",17
"using-an-equity-release-scheme-to-fund-your-care","paying-for-care",18
"paying-your-own-care-costs-but-the-moneys-run-out","paying-for-care",19
"downsizing-your-home-to-fund-your-long-term-care","paying-for-care",20
"why-save-into-a-pension","pension-basics",1
"trace-lost-pensions-and-request-pension-forecasts","pension-basics",2
"how-to-spot-a-pension-scam","pension-basics",3
"your-options-if-things-go-wrong-with-your-pension","pension-basics",4
"protecting-your-state-pension-when-you-have-a-baby","pension-basics",5
"transferring-out-of-a-defined-benefit-pension-scheme","pension-basics",6
"the-lifetime-allowance-for-pension-savings","pension-basics",7
"compensation-if-youve-lost-money-through-mis-selling","pension-basics",8
"what-to-do-when-things-go-wrong-payments","pension-basics",9
"sort-out-a-money-problem-make-a-complaint-or-get-compensation","pension-basics",10
"the-financial-services-compensation-scheme---quick-guide","pension-basics",11
"transferring-defined-contribution-pensions","pension-basics",12
"your-first-pension-the-options","pension-basics",13
"worried-about-the-cost-of-starting-a-pension","pension-basics",14
"when-and-where-to-get-pensions-help-and-advice","pension-basics",15
"do-you-need-a-financial-adviser","pension-basics",16
"making-the-most-of-your-pensions","pension-basics",17
"ways-to-boost-your-pension-in-the-run-up-to-retirement","pension-basics",18
"check-the-progress-of-your-pension-and-retirement-savings","pension-basics",19
"what-to-do-about-someones-pension-when-theyve-died","pension-basics",20
"pension-calculator","pension-basics",21
"pension-release-or-pension-unlocking","pension-basics",22
"how-to-deal-with-a-gap-in-your-pension-savings","pension-basics",23
"do-you-need-pet-insurance","pet-insurance",NULL
"pet-insurance","pet-insurance",NULL
"choosing-the-right-pet-insurance-policy","pet-insurance",NULL
"pet-insurance-what-does-a-good-policy-look-like","pet-insurance",NULL
"managing-your-money-if-your-job-is-at-risk","redundancy",1
"redundancy","redundancy",2
"redundancy-pay","redundancy",3
"changing-your-career-following-redundancy","redundancy",4
"claiming-a-tax-rebate-after-losing-your-job","redundancy",5
"out-of-work-checklist-things-to-do-if-you-lose-your-job","redundancy",6
"review-your-budget-after-a-drop-in-income","redundancy",7
"making-the-most-of-your-redundancy-pay","redundancy",8
"benefits-and-tax-credits-after-job-loss","redundancy",9
"benefits-and-tax-credits-when-youve-lost-your-job","redundancy",10
"what-to-do-about-debt-if-you-lose-your-job","redundancy",11
"your-pension-options-if-youre-made-redundant","redundancy",12
"do-you-have-to-pay-tax-on-your-redundancy-payout","redundancy",13
"top-tips-for-making-money-when-faced-with-job-loss","redundancy",14
"can-you-insure-yourself-against-redundancy","redundancy",15
"working-reduced-hours-as-an-alternative-to-redundancy","redundancy",16
"your-legal-rights-when-facing-redundancy","redundancy",17
"redundancy-versus-unfair-dismissal","redundancy",18
"considering-voluntary-redundancy","redundancy",19
"considering-early-retirement-instead-of-redundancy","redundancy",20
"how-much-rent-can-you-afford","renting-and-letting",1
"budgeting-and-sharing-costs-when-renting","renting-and-letting",2
"rent-arrears-problems-paying-your-rent","renting-and-letting",3
"your-legal-and-financial-responsibilities-when-renting","renting-and-letting",4
"should-you-rent-or-buy","renting-and-letting",5
"decide-whether-to-rent-or-buy","renting-and-letting",6
"financial-responsibilities-if-you-rent-out-a-property","renting-and-letting",7
"how-to-save-money-on-your-council-tax-bill","renting-and-letting",8
"rent-a-room-scheme-how-it-works-and-tax-rules","renting-and-letting",9
"buy-to-let-mortgages","renting-and-letting",10
"young-people-and-money-toolkit-yphub","research-and-toolkits-on-young-people-and-money",3
"parenting-videos-yphub","resources-for-professionals-supporting-parents",1
"parenting-activities-yphub","resources-for-professionals-supporting-parents",5
"teenagers-talking-money-yphub","resources-for-professionals-supporting-young-people",3
"decide-when-to-take-your-pension","retirement-income-basics",NULL
"set-a-clear-retirement-income-goal","retirement-income-basics",NULL
"work-out-your-likely-pension-income","retirement-income-basics",NULL
"checklist-things-to-do-as-retirement-approaches","retirement-income-basics",NULL
"should-you-take-a-pension-tax-free-cash-lump-sum","retirement-income-basics",NULL
"your-pension-lump-sum-options","retirement-income-basics",NULL
"tax-and-benefits-when-youre-retired","retirement-income-basics",NULL
"manage-your-money-in-retirement","retirement-income-basics",NULL
"higher-pension-income-for-people-with-poor-health","retirement-income-basics",NULL
"protecting-your-retirement-income","retirement-income-basics",NULL
"how-to-choose-the-right-bank-account","running-a-bank-account",1
"how-to-open-a-bank-account","running-a-bank-account",2
"running-your-bank-account","running-a-bank-account",3
"current-accounts","running-a-bank-account",4
"how-to-reclaim-unfair-bank-charges","running-a-bank-account",5
"how-to-switch-bank-accounts","running-a-bank-account",6
"choosing-a-bank-account-for-your-universal-credit-payment","running-a-bank-account",7
"direct-debits-and-standing-orders","running-a-bank-account",8
"basic-bank-accounts","running-a-bank-account",9
"choose-and-open-a-basic-bank-account","running-a-bank-account",10
"e-payments-why-when-and-how-to-use-them","running-a-bank-account",11
"sort-out-a-money-problem-make-a-complaint-or-get-compensation","running-a-bank-account",12
"debit-cards","running-a-bank-account",13
"overdrafts-how-to-use-them-without-breaking-the-bank","running-a-bank-account",14
"bank-fees-at-a-glance","running-a-bank-account",15
"overdrafts-explained","running-a-bank-account",16
"payments-into-your-bank-account","running-a-bank-account",17
"joint-accounts","running-a-bank-account",18
"credit-union-current-accounts","running-a-bank-account",19
"managing-your-money-using-the-jam-jar-approach","running-a-bank-account",20
"how-to-close-your-bank-account","running-a-bank-account",21
"how-to-open-switch-or-close-your-bank-account","running-a-bank-account",22
"ways-to-increase-your-credit-limit","running-a-bank-account",23
"making-phone-or-online-transfers","running-a-bank-account",24
"tracing-lost-bank-accounts-savings-or-premium-bonds","running-a-bank-account",25
"packaged-accounts","running-a-bank-account",26
"using-cheques-or-bankers-drafts","running-a-bank-account",27
"shop-safely-online","running-a-bank-account",28
"beginners-guide-to-scams","running-a-bank-account",29
"identity-theft-and-scams-what-you-are-liable-for","running-a-bank-account",30
"protecting-yourself-from-scams-and-theft","running-a-bank-account",31
"compensation-if-your-bank-or-building-society-goes-bust","running-a-bank-account",32
"what-to-do-when-things-go-wrong-payments","running-a-bank-account",33
"the-financial-services-compensation-scheme---quick-guide","running-a-bank-account",34
"your-rights-if-something-is-wrong-with-your-car","running-a-car",1
"mot-test-explained","running-a-car",2
"cut-your-car-finance-hire-purchase-and-other-finance-costs","running-a-car",3
"running-a-car-as-a-young-driver","running-a-car",4
"managing-without-a-car","running-a-car",5
"how-to-save-fuel-when-driving","running-a-car",6
"save-money-through-simple-car-diy","running-a-car",7
"tips-on-servicing-and-maintaining-your-car","running-a-car",8
"top-tips-for-choosing-savings-accounts","savings-types",NULL
"instant-access-savings-accounts","savings-types",NULL
"nsi-savings","savings-types",NULL
"sharia-compliant-savings","savings-types",NULL
"credit-union-savings-accounts","savings-types",NULL
"premium-bonds","savings-types",NULL
"cash-savings-bonds","savings-types",NULL
"index-linked-savings-accounts","savings-types",NULL
"cash-isas","savings-types",NULL
"regular-savings-accounts","savings-types",NULL
"christmas-savings-clubs-and-schemes","savings-types",NULL
"cash-savings-at-a-glance","savings-types",NULL
"child-trust-fund-accounts","savings-types",NULL
"junior-isas","savings-types",NULL
"childrens-savings-accounts","savings-types",NULL
"child-savings","savings-types",NULL
"childrens-savings-options","savings-types",NULL
"isas-and-other-tax-efficient-ways-to-save-or-invest","savings-types",NULL
"school-fees-plans","savings-types",1
"how-to-sell-your-car-privately","selling-your-car",NULL
"how-to-prepare-your-car-for-sale","selling-your-car",NULL
"negotiating-when-selling-your-car","selling-your-car",NULL
"how-to-dispose-of-an-old-car","selling-your-car",NULL
"selling-your-car","selling-your-car",NULL
"preparing-your-son-or-daughter-for-student-life","student-and-graduate-money",1
"student-and-graduate-bank-accounts","student-and-graduate-money",2
"budgeting-for-college-or-university","student-and-graduate-money",3
"how-to-deal-with-student-debts-after-you-graduate","student-and-graduate-money",4
"introducing-money","student-and-graduate-money",5
"managing-money","student-and-graduate-money",6
"money-emotions","student-and-graduate-money",7
"money-highs-and-lows","student-and-graduate-money",8
"money-advice","student-and-graduate-money",9
"financial-independence","student-and-graduate-money",10
"building-a-credit-history-as-a-young-consumer","student-and-graduate-money",11
"repaying-student-loans","student-and-graduate-money",12
"money-tips-for-graduates","student-and-graduate-money",13
"student-finance","student-and-graduate-money",14
"loans-for-adults-in-further-education-and-training","student-and-graduate-money",15
"apprenticeships-for-young-people","student-and-graduate-money",16
"help-manage-the-money-of-someone-youre-caring-for","support-for-carers",1
"support-services-available-to-carers","support-for-carers",2
"financial-support-for-young-carers","support-for-carers",3
"benefits-and-tax-credits-you-can-claim-as-a-carer","support-for-carers",4
"when-does-someone-need-formal-help-with-managing-their-money","support-for-carers",5
"help-someone-informally-with-budgeting-and-day-to-day-money","support-for-carers",6
"if-the-person-you-want-to-help-can-still-manage-their-money","support-for-carers",7
"if-the-person-you-want-to-help-has-lost-mental-capacity","support-for-carers",8
"where-to-go-to-get-free-debt-advice","taking-control-of-debt",1
"how-to-prioritise-your-debts","taking-control-of-debt",2
"talk-to-the-people-you-owe-money-to","taking-control-of-debt",3
"help-if-youre-struggling-with-debt","taking-control-of-debt",4
"quick-and-easy-debt-health-check","taking-control-of-debt",5
"options-for-clearing-your-debts-england-and-wales","taking-control-of-debt",6
"options-for-clearing-your-debts-northern-ireland","taking-control-of-debt",7
"options-for-clearing-your-debts-scotland","taking-control-of-debt",8
"avoid-high-fees-and-hidden-borrowing-costs","taking-control-of-debt",9
"quick-access-to-cash-your-options","taking-control-of-debt",10
"beginners-guide-to-managing-your-money","taking-control-of-debt",11
"how-to-deal-with-student-debts-after-you-graduate","taking-control-of-debt",12
"how-to-manage-your-money-better","taking-control-of-debt",13
"how-to-reduce-the-cost-of-your-credit-and-store-card-debt","taking-control-of-debt",14
"where-to-get-legal-help-if-in-debt","taking-control-of-debt",15
"take-action-to-reduce-your-debt","taking-control-of-debt",16
"how-to-reduce-the-cost-of-personal-loans","taking-control-of-debt",17
"budget-planner","taking-control-of-debt",18
"your-tips-for-borrowing-money-and-paying-it-back","taking-control-of-debt",19
"free-financial-advice-your-options","taking-control-of-debt",20
"how-to-deal-with-late-payment-letters-and-demands","taking-control-of-debt",21
"dealing-with-county-court-judgements-ccjs","taking-control-of-debt",22
"dealing-with-the-debts-of-someone-who-has-died","taking-control-of-debt",23
"do-you-need-travel-insurance","travel-insurance",2
"travel-insurance-choosing-the-right-policy-and-cover","travel-insurance",3
"a-good-travel-insurance-policy","travel-insurance",4
"travel-insurance-for-over-65s-and-medical-conditions","travel-insurance",5
"how-to-get-the-best-deal-on-travel-insurance","travel-insurance",6
"be-prepared-when-making-a-travel-insurance-claim","travel-insurance",7
"sending-money-overseas-using-a-bank-or-building-society","travel-money-and-sending-money-abroad",NULL
"how-to-send-money-overseas","travel-money-and-sending-money-abroad",NULL
"using-a-money-transfer-firm-to-send-money-overseas","travel-money-and-sending-money-abroad",NULL
"using-a-currency-broker-to-send-money-overseas","travel-money-and-sending-money-abroad",NULL
"buying-foreign-currency","travel-money-and-sending-money-abroad",NULL
"travel-money-options-cash-cards-and-travellers-cheques","travel-money-and-sending-money-abroad",NULL
"check-a-firms-authorisation-to-send-money-overseas","travel-money-and-sending-money-abroad",NULL
"cheap-cards-to-use-abroad","travel-money-and-sending-money-abroad",NULL
"saving-money-for-a-holiday","travel-money-and-sending-money-abroad",1
"what-is-an-offset-mortgage","types-of-mortgage",1
"review-an-interest-only-repayment-scheme","types-of-mortgage",2
"make-an-interest-only-repayment-scheme","types-of-mortgage",3
"buy-to-let-mortgages","types-of-mortgage",4
"buy-to-let-mortgage-guide","types-of-mortgage",5
"shared-equity-or-partnership-mortgages","types-of-mortgage",6
"second-charge-or-second-mortgages","types-of-mortgage",7
"sharia-compliant-home-purchase-plans","types-of-mortgage",8
"defined-contribution-pension-schemes","types-of-pensions",NULL
"defined-benefit-schemes","types-of-pensions",NULL
"stakeholder-pensions","types-of-pensions",NULL
"self-invested-personal-pensions","types-of-pensions",NULL
"personal-pensions","types-of-pensions",NULL
"nest-pensions","types-of-pensions",NULL
"multi-employer-pension-schemes","types-of-pensions",NULL
"pension-investment-options-an-overview","types-of-pensions",NULL
"pensions-for-the-self-employed","types-of-pensions",NULL
"annuities-and-other-types-of-pension-income-your-options","types-of-pensions",NULL
"group-personal-pensions","types-of-pensions",1
"equity-release","types-of-retirement-income",1
"new-rules-about-pensions-from-27-march-2014","types-of-retirement-income",2
"home-reversion","types-of-retirement-income",3
"income-drawdown","types-of-retirement-income",4
"state-pensions","types-of-retirement-income",5
"lifetime-mortgage","types-of-retirement-income",6
"fixed-term-annuities","types-of-retirement-income",8
"investment-linked-annuities","types-of-retirement-income",9
"individual-or-joint-annuities","types-of-retirement-income",10
"fixed-or-increasing-annuities","types-of-retirement-income",11
"shop-around-for-an-annuity","types-of-retirement-income",12
"how-to-shop-around-for-an-annuity","types-of-retirement-income",13
"what-is-an-annuity","types-of-retirement-income",14
"annuities-and-other-types-of-pension-income-your-options","types-of-retirement-income",15
"equity-release-help","types-of-retirement-income",16
"benefits-in-retirement","types-of-retirement-income",17
"pension-credit","types-of-retirement-income",18
"universal-credit-an-introduction","universal-credit",1
"get-ready-universal-credit","universal-credit",2
"universal-credit-start-dates","universal-credit",3
"who-is-affected-by-universal-credit","universal-credit",4
"joint-universal-credit-payments-for-couples","universal-credit",5
"choosing-a-bank-account-for-your-universal-credit-payment","universal-credit",6
"how-to-budget-for-a-monthly-benefit-payment","universal-credit",7
"managing-rent-payments-on-universal-credit","universal-credit",8
"get-ready-for-universal-credit","universal-credit",9
"claiming-tax-credits","universal-credit",10
"budget-planner","universal-credit",11
"universal-credit-for-the-self-employed","universal-credit",12
"get-ready-universal-credit","videos",1
"your-top-tips-for-buying-and-running-a-car","videos",2
"timeline-to-buying-a-home","videos",3
"should-you-overpay-your-mortgage","videos",4
"saving-for-a-holiday-tv-advert","videos",5
"unexpected-costs-tv-advert","videos",6
"how-do-you-save-money-on-your-back-to-school-shopping","videos",7
"buy-to-let-mortgage-guide","videos",8
"make-a-redundancy-plan-video","videos",9
"buildings-insurance","videos",10
"financial-responsibilities","videos",11
"remortgaging-your-property","videos",12
"the-importance-of-retirement-savings","videos",13
"taking-over-the-budget-after-your-partner-dies","videos",14
"child-maintenance-england-scotland-and-wales","videos",15
"workplace-pension-changes-the-basics","videos",16
"compound-interest","videos",17
"inflation","videos",18
"young-drivers-insurance","videos",19
"child-savings","videos",20
"losing-your-job","videos",21
"everyday-budgeting","videos",22
"buying-a-house","videos",23
"pet-insurance","videos",24
"choose-the-right-mortgage","videos",25
"what-is-an-offset-mortgage","videos",27
"what-is-an-annuity","videos",28
"shopping-around-for-an-annuity","videos",29
"an-introduction-to-the-health-check-tool","videos",30
"your-tips-for-paying-for-a-holiday","videos",31
"your-tips-on-saving-money","videos",32
"your-tips-on-saving-money-are-you-a-regular-saver","videos",33
"your-tips-on-saving-money-how-do-you-save-for-emergencies","videos",34
"your-tips-on-saving-money-cutting-back-to-help-you-save","videos",35
"your-tips-on-saving-money-your-tips-for-cutting-back","videos",36
"your-tips-for-paying-and-saving-for-a-wedding","videos",37
"your-tips-for-borrowing-money-and-paying-it-back","videos",38
"making-the-most-of-your-money-introduction","videos",39
"making-the-most-of-your-money-taking-control","videos",40
"making-the-most-of-your-money-saving-and-investing","videos",41
"making-the-most-of-your-money-protecting-family-and-possessions","videos",42
"making-the-most-of-your-money-planning-for-your-later-life","videos",43
"making-the-most-of-your-money-borrowing","videos",44
"how-to-choose-a-bank-account","videos",45
"how-to-make-payments-using-your-bank-account","videos",46
"how-to-use-your-bank-account-to-make-budgeting-easier","videos",47
"worried-about-paying-your-rent","videos",48
"how-to-open-a-bank-account-video","videos",49
"when-its-gone-its-gone","videos",50
"where-do-we-learn-money-habits-from","videos",51
"teaching-your-children-what-money-is-used-for","videos",52
"letting-your-children-have-a-go-with-money","videos",53
"getting-your-children-familiar-with-money","videos",54
"your-children-and-virtual-money","videos",55
"making-money-go-further-with-your-children","videos",56
"the-cost-of-christmas","videos",57
"should-you-save-or-pay-off-debts","videos",58
"when-and-where-to-get-pensions-help-and-advice-video","videos",59
"writing-a-will-your-options-video","videos",60
"save-money-on-your-gas-and-bills-video","videos",61
"why-it-pays-to-save-regularly-video","videos",62
"affording-a-car","videos",63
"talk-to-the-people-you-owe-money-to-video","videos",64
"do-you-need-life-insurance-video","videos",65
"beginners-guide-to-managing-your-money-video","videos",66
"understand-and-compare-annuities","videos",67
"what-to-do-about-someones-pension-when-theyve-died","when-someone-dies",NULL
"how-to-work-out-the-value-of-someones-estate","when-someone-dies",NULL
"sorting-out-someones-estate-where-to-start","when-someone-dies",NULL
"making-or-reviewing-your-will-after-someone-dies","when-someone-dies",NULL
"pension-and-retirement-planning-following-a-bereavement","when-someone-dies",NULL
"coping-with-grief-when-someone-dies","when-someone-dies",NULL
"reviewing-your-insurance-after-a-bereavement","when-someone-dies",NULL
"what-to-do-when-someone-dies-a-checklist","when-someone-dies",NULL
"reviewing-your-savings-and-investments-after-a-bereavement","when-someone-dies",NULL
"making-the-most-of-your-inheritance","when-someone-dies",NULL
"budgeting-after-your-partner-dies","when-someone-dies",NULL
"taking-over-the-budget-after-your-partner-dies","when-someone-dies",NULL
"how-much-does-a-funeral-cost","when-someone-dies",NULL
"funeral-plans","when-someone-dies",NULL
"paying-for-a-funeral","when-someone-dies",NULL
"coping-with-debt-after-your-partner-dies","when-someone-dies",NULL
"claiming-bereavement-and-other-benefits-after-someone-dies","when-someone-dies",NULL
"coping-with-a-drop-in-household-income-after-your-partner-dies","when-someone-dies",NULL
"dealing-with-the-debts-of-someone-who-has-died","when-someone-dies",NULL
"when-should-you-use-a-probate-specialist","when-someone-dies",NULL
"calculating-and-paying-tax-after-someone-dies","when-someone-dies",NULL
